23127001,1,Dang Khoa
23127002,1,Nguyen Hoa
23127003,1,Tran Tuan
23127004,1,Le Anh
23127005,1,Pham Binh
23127006,1,Nguyen Thao
23127007,1,Tran Trang
23127008,1,Le Tung
23127009,1,Pham Thanh
23127010,1,Nguyen Thuy
23127011,1,Tran Thao
23127012,1,Le Thanh
23127013,1,Pham Thuy
23127014,1,Nguyen Thanh
23127015,1,Tran Thao
23127016,1,Le Thanh
23127017,1,Pham Thuy
23127018,1,Nguyen Thanh
23127019,1,Tran Thao
23127020,1,Le Thanh
23127021,1,Pham Thuy
23127022,1,Nguyen Thanh
23127023,1,Tran Thao
23127024,1,Le Thanh
23127025,1,Pham Thuy
23127026,1,Nguyen Thanh
23127027,1,Tran Thao
23127028,1,Le Thanh
23127029,1,Pham Thuy
23127030,1,Nguyen Thanh
23127031,1,Tran Thao
23127032,1,Le Thanh
23127033,1,Pham Thuy
23127034,1,Nguyen Thanh
23127035,1,Tran Thao
23127036,1,Le Thanh
23127037,1,Pham Thuy
23127038,1,Nguyen Thanh
23127039,1,Tran Thao
23127040,1,Le Thanh
23127100,1,Nguyen Thu
23127101,1,Nguyen Thao
23127102,1,Tran Thanh
23127103,1,Le Thien
23127104,1,Nguyen Thuan
23127105,1,Tran Thuy
23127106,1,Le Tien
23127107,1,Nguyen Tuan
23127108,1,Tran Tuong
23127109,1,Le Uyen
23127110,1,Nguyen Van
23127111,1,Tran Vinh
23127112,1,Le Xuan
23127113,54321,Nguyen Yen
23127114,1,Tran Yen
23127115,1,Le Yen
23127116,1,Nguyen Yen
23127117,1,Tran Yen
23127118,1,Le Yen
23127119,1,Nguyen Yen
23127120,1,Tran Yen
23127121,1,Le Yen
23127122,1,Nguyen Yen
23127123,1,Tran Yen
23127124,1,Le Yen
23127125,1,Nguyen Yen
23127201,1,Nguyen Anh
23127202,1,Tran Bao
23127203,1,Pham Chi
23127204,1,Le Dung
23127205,1,Vo Em
23127206,1,Nguyen Ha
23127207,1,Tran Hieu
23127208,1,Phan Anh
23127209,1,Do Long
23127210,1,Nguyen Minh
23127211,1,Tran Ngoc
23127212,1,Le Quynh
23127213,1,Pham Son
23127214,1,Nguyen Thanh
23127215,1,Vo Tuan
23127216,1,Tran Van Anh
23127217,1,Nguyen Xuan
23127218,1,Le Yen
23127219,1,Tran Duc
23127220,1,Pham Hong
23127221,1,Nguyen Quang
23127222,1,Vo Huong
23127223,1,Le Nam
23127224,12345,Nguyen Son
23127225,1,Tran Thanh
23127226,1,Pham Trung
23127227,1,Nguyen Anh
23127228,1,Tran Binh
23127229,1,Le Chau
23127230,1,Nguyen Dat
23127231,1,Tran Giang
23127232,1,Pham Hai
23127233,1,Nguyen Hien
23127234,1,Le Hoai
23127235,1,Tran Hung
23127236,1,Nguyen Khanh
23127237,1,Tran Linh
23127238,1,Le Minh
23127239,1,Nguyen Nga
23127240,1,Tran Phong
23127241,1,Nguyen Phuong
23127242,1,Le Quan
23127243,1,Tran Son
23127244,1,Nguyen Thanh
23127245,1,Le Thu
23127246,1,Nguyen Trung
23127247,1,Tran Tuan Anh
23127248,1,Nguyen Tuyen
23127249,1,Tran Van
23127250,1,Nguyen Xuan
23127301,1,Tran Quy
23127302,1,Nguyen Hoa
23127303,1,Le Minh
23127304,1,Pham Anh
23127305,1,Tran Tuan
23127306,1,Vo Huyen
23127307,1,Nguyen Nam
23127308,1,Do Linh
23127309,1,Truong Hai
23127310,1,Nguyen Mai
23127311,1,Phan Duc
23127312,1,Tran Thu
23127313,1,Nguyen Quang
23127314,1,Le My
23127315,1,Vo Khanh
23127316,1,Nguyen Hoa
23127317,1,Tran Dat
23127318,1,Do Trang
23127319,1,Nguyen Binh
23127320,1,Le An
23127321,1,Pham Dung
23127322,1,Tran Thanh
23127323,1,Nguyen Nhat
23127324,1,Vo Lan
23127325,1,Do Long
23127326,1,Le Hien
23127327,1,Tran Phuong
23127328,1,Nguyen Hoang
23127329,1,Pham Hieu
23127330,1,Nguyen Hoa
23127331,1,Le Duc
23127332,1,Tran Thuy
23127333,1,Do Minh
23127334,1,Pham Tram
23127335,1,Nguyen Kien
23127336,1,Nguyen Hong
23127337,1,Le Anh
23127338,1,Vo Linh
23127339,1,Tran Tu
23127340,1,Nguyen Phuc
23127341,1,Pham Hien
23127342,1,Le Thanh
23127343,1,Tran Duong
23127344,1,Nguyen Hoa
23127345,1,Do Bao
23127346,1,Nguyen Lan
23127347,1,Nguyen Minh
23127348,1,Tran Anh
23127349,1,Le Tien
23127350,1,Pham Phuong
23127001,1,Dang Khoa
23127002,1,Nguyen Hoa
23127003,1,Tran Tuan
23127004,1,Le Anh
23127005,1,Pham Binh
23127006,1,Nguyen Thao
23127007,1,Tran Trang
23127008,1,Le Tung
23127009,1,Pham Thanh
23127010,1,Nguyen Thuy
23127011,1,Tran Thao
23127012,1,Le Thanh
23127013,1,Pham Thuy
23127014,1,Nguyen Thanh
23127015,1,Tran Thao
23127016,1,Le Thanh
23127017,1,Pham Thuy
23127018,1,Nguyen Thanh
23127019,1,Tran Thao
23127020,1,Le Thanh
23127021,1,Pham Thuy
23127022,1,Nguyen Thanh
23127023,1,Tran Thao
23127024,1,Le Thanh
23127025,1,Pham Thuy
23127026,1,Nguyen Thanh
23127027,1,Tran Thao
23127028,1,Le Thanh
23127029,1,Pham Thuy
23127030,1,Nguyen Thanh
23127031,1,Tran Thao
23127032,1,Le Thanh
23127033,1,Pham Thuy
23127034,1,Nguyen Thanh
23127035,1,Tran Thao
23127036,1,Le Thanh
23127037,1,Pham Thuy
23127038,1,Nguyen Thanh
23127039,1,Tran Thao
23127040,1,Le Thanh
23127100,1,Nguyen Thu
23127101,1,Nguyen Thao
23127102,1,Tran Thanh
23127103,1,Le Thien
23127104,1,Nguyen Thuan
23127105,1,Tran Thuy
23127106,1,Le Tien
23127107,1,Nguyen Tuan
23127108,1,Tran Tuong
23127109,1,Le Uyen
23127110,1,Nguyen Van
23127111,1,Tran Vinh
23127112,1,Le Xuan
23127113,54321,Nguyen Yen
23127114,1,Tran Yen
23127115,1,Le Yen
23127116,1,Nguyen Yen
23127117,1,Tran Yen
23127118,1,Le Yen
23127119,1,Nguyen Yen
23127120,1,Tran Yen
23127121,1,Le Yen
23127122,1,Nguyen Yen
23127123,1,Tran Yen
23127124,1,Le Yen
23127125,1,Nguyen Yen
23127201,1,Nguyen Anh
23127202,1,Tran Bao
23127203,1,Pham Chi
23127204,1,Le Dung
23127205,1,Vo Em
23127206,1,Nguyen Ha
23127207,1,Tran Hieu
23127208,1,Phan Anh
23127209,1,Do Long
23127210,1,Nguyen Minh
23127211,1,Tran Ngoc
23127212,1,Le Quynh
23127213,1,Pham Son
23127214,1,Nguyen Thanh
23127215,1,Vo Tuan
23127216,1,Tran Van Anh
23127217,1,Nguyen Xuan
23127218,1,Le Yen
23127219,1,Tran Duc
23127220,1,Pham Hong
23127221,1,Nguyen Quang
23127222,1,Vo Huong
23127223,1,Le Nam
23127224,12345,Nguyen Son
23127225,1,Tran Thanh
23127226,1,Pham Trung
23127227,1,Nguyen Anh
23127228,1,Tran Binh
23127229,1,Le Chau
23127230,1,Nguyen Dat
23127231,1,Tran Giang
23127232,1,Pham Hai
23127233,1,Nguyen Hien
23127234,1,Le Hoai
23127235,1,Tran Hung
23127236,1,Nguyen Khanh
23127237,1,Tran Linh
23127238,1,Le Minh
23127239,1,Nguyen Nga
23127240,1,Tran Phong
23127241,1,Nguyen Phuong
23127242,1,Le Quan
23127243,1,Tran Son
23127244,1,Nguyen Thanh
23127245,1,Le Thu
23127246,1,Nguyen Trung
23127247,1,Tran Tuan Anh
23127248,1,Nguyen Tuyen
23127249,1,Tran Van
23127250,1,Nguyen Xuan
23127301,1,Tran Quy
23127302,1,Nguyen Hoa
23127303,1,Le Minh
23127304,1,Pham Anh
23127305,1,Tran Tuan
23127306,1,Vo Huyen
23127307,1,Nguyen Nam
23127308,1,Do Linh
23127309,1,Truong Hai
23127310,1,Nguyen Mai
23127311,1,Phan Duc
23127312,1,Tran Thu
23127313,1,Nguyen Quang
23127314,1,Le My
23127315,1,Vo Khanh
23127316,1,Nguyen Hoa
23127317,1,Tran Dat
23127318,1,Do Trang
23127319,1,Nguyen Binh
23127320,1,Le An
23127321,1,Pham Dung
23127322,1,Tran Thanh
23127323,1,Nguyen Nhat
23127324,1,Vo Lan
23127325,1,Do Long
23127326,1,Le Hien
23127327,1,Tran Phuong
23127328,1,Nguyen Hoang
23127329,1,Pham Hieu
23127330,1,Nguyen Hoa
23127331,1,Le Duc
23127332,1,Tran Thuy
23127333,1,Do Minh
23127334,1,Pham Tram
23127335,1,Nguyen Kien
23127336,1,Nguyen Hong
23127337,1,Le Anh
23127338,1,Vo Linh
23127339,1,Tran Tu
23127340,1,Nguyen Phuc
23127341,1,Pham Hien
23127342,1,Le Thanh
23127343,1,Tran Duong
23127344,1,Nguyen Hoa
23127345,1,Do Bao
23127346,1,Nguyen Lan
23127347,1,Nguyen Minh
23127348,1,Tran Anh
23127349,1,Le Tien
23127350,1,Pham Phuong
23127001,1,Dang Khoa
23127002,1,Nguyen Hoa
23127003,1,Tran Tuan
23127004,1,Le Anh
23127005,1,Pham Binh
23127006,1,Nguyen Thao
23127007,1,Tran Trang
23127008,1,Le Tung
23127009,1,Pham Thanh
23127010,1,Nguyen Thuy
23127011,1,Tran Thao
23127012,1,Le Thanh
23127013,1,Pham Thuy
23127014,1,Nguyen Thanh
23127015,1,Tran Thao
23127016,1,Le Thanh
23127017,1,Pham Thuy
23127018,1,Nguyen Thanh
23127019,1,Tran Thao
23127020,1,Le Thanh
23127021,1,Pham Thuy
23127022,1,Nguyen Thanh
23127023,1,Tran Thao
23127024,1,Le Thanh
23127025,1,Pham Thuy
23127026,1,Nguyen Thanh
23127027,1,Tran Thao
23127028,1,Le Thanh
23127029,1,Pham Thuy
23127030,1,Nguyen Thanh
23127031,1,Tran Thao
23127032,1,Le Thanh
23127033,1,Pham Thuy
23127034,1,Nguyen Thanh
23127035,1,Tran Thao
23127036,1,Le Thanh
23127037,1,Pham Thuy
23127038,1,Nguyen Thanh
23127039,1,Tran Thao
23127040,1,Le Thanh
23127100,1,Nguyen Thu
23127101,1,Nguyen Thao
23127102,1,Tran Thanh
23127103,1,Le Thien
23127104,1,Nguyen Thuan
23127105,1,Tran Thuy
23127106,1,Le Tien
23127107,1,Nguyen Tuan
23127108,1,Tran Tuong
23127109,1,Le Uyen
23127110,1,Nguyen Van
23127111,1,Tran Vinh
23127112,1,Le Xuan
23127113,54321,Nguyen Yen
23127114,1,Tran Yen
23127115,1,Le Yen
23127116,1,Nguyen Yen
23127117,1,Tran Yen
23127118,1,Le Yen
23127119,1,Nguyen Yen
23127120,1,Tran Yen
23127121,1,Le Yen
23127122,1,Nguyen Yen
23127123,1,Tran Yen
23127124,1,Le Yen
23127125,1,Nguyen Yen
23127201,1,Nguyen Anh
23127202,1,Tran Bao
23127203,1,Pham Chi
23127204,1,Le Dung
23127205,1,Vo Em
23127206,1,Nguyen Ha
23127207,1,Tran Hieu
23127208,1,Phan Anh
23127209,1,Do Long
23127210,1,Nguyen Minh
23127211,1,Tran Ngoc
23127212,1,Le Quynh
23127213,1,Pham Son
23127214,1,Nguyen Thanh
23127215,1,Vo Tuan
23127216,1,Tran Van Anh
23127217,1,Nguyen Xuan
23127218,1,Le Yen
23127219,1,Tran Duc
23127220,1,Pham Hong
23127221,1,Nguyen Quang
23127222,1,Vo Huong
23127223,1,Le Nam
23127224,12345,Nguyen Son
23127225,1,Tran Thanh
23127226,1,Pham Trung
23127227,1,Nguyen Anh
23127228,1,Tran Binh
23127229,1,Le Chau
23127230,1,Nguyen Dat
23127231,1,Tran Giang
23127232,1,Pham Hai
23127233,1,Nguyen Hien
23127234,1,Le Hoai
23127235,1,Tran Hung
23127236,1,Nguyen Khanh
23127237,1,Tran Linh
23127238,1,Le Minh
23127239,1,Nguyen Nga
23127240,1,Tran Phong
23127241,1,Nguyen Phuong
23127242,1,Le Quan
23127243,1,Tran Son
23127244,1,Nguyen Thanh
23127245,1,Le Thu
23127246,1,Nguyen Trung
23127247,1,Tran Tuan Anh
23127248,1,Nguyen Tuyen
23127249,1,Tran Van
23127250,1,Nguyen Xuan
23127301,1,Tran Quy
23127302,1,Nguyen Hoa
23127303,1,Le Minh
23127304,1,Pham Anh
23127305,1,Tran Tuan
23127306,1,Vo Huyen
23127307,1,Nguyen Nam
23127308,1,Do Linh
23127309,1,Truong Hai
23127310,1,Nguyen Mai
23127311,1,Phan Duc
23127312,1,Tran Thu
23127313,1,Nguyen Quang
23127314,1,Le My
23127315,1,Vo Khanh
23127316,1,Nguyen Hoa
23127317,1,Tran Dat
23127318,1,Do Trang
23127319,1,Nguyen Binh
23127320,1,Le An
23127321,1,Pham Dung
23127322,1,Tran Thanh
23127323,1,Nguyen Nhat
23127324,1,Vo Lan
23127325,1,Do Long
23127326,1,Le Hien
23127327,1,Tran Phuong
23127328,1,Nguyen Hoang
23127329,1,Pham Hieu
23127330,1,Nguyen Hoa
23127331,1,Le Duc
23127332,1,Tran Thuy
23127333,1,Do Minh
23127334,1,Pham Tram
23127335,1,Nguyen Kien
23127336,1,Nguyen Hong
23127337,1,Le Anh
23127338,1,Vo Linh
23127339,1,Tran Tu
23127340,1,Nguyen Phuc
23127341,1,Pham Hien
23127342,1,Le Thanh
23127343,1,Tran Duong
23127344,1,Nguyen Hoa
23127345,1,Do Bao
23127346,1,Nguyen Lan
23127347,1,Nguyen Minh
23127348,1,Tran Anh
23127349,1,Le Tien
23127350,1,Pham Phuong
23127001,1,Dang Khoa
23127002,1,Nguyen Hoa
23127003,1,Tran Tuan
23127004,1,Le Anh
23127005,1,Pham Binh
23127006,1,Nguyen Thao
23127007,1,Tran Trang
23127008,1,Le Tung
23127009,1,Pham Thanh
23127010,1,Nguyen Thuy
23127011,1,Tran Thao
23127012,1,Le Thanh
23127013,1,Pham Thuy
23127014,1,Nguyen Thanh
23127015,1,Tran Thao
23127016,1,Le Thanh
23127017,1,Pham Thuy
23127018,1,Nguyen Thanh
23127019,1,Tran Thao
23127020,1,Le Thanh
23127021,1,Pham Thuy
23127022,1,Nguyen Thanh
23127023,1,Tran Thao
23127024,1,Le Thanh
23127025,1,Pham Thuy
23127026,1,Nguyen Thanh
23127027,1,Tran Thao
23127028,1,Le Thanh
23127029,1,Pham Thuy
23127030,1,Nguyen Thanh
23127031,1,Tran Thao
23127032,1,Le Thanh
23127033,1,Pham Thuy
23127034,1,Nguyen Thanh
23127035,1,Tran Thao
23127036,1,Le Thanh
23127037,1,Pham Thuy
23127038,1,Nguyen Thanh
23127039,1,Tran Thao
23127040,1,Le Thanh
23127100,1,Nguyen Thu
23127101,1,Nguyen Thao
23127102,1,Tran Thanh
23127103,1,Le Thien
23127104,1,Nguyen Thuan
23127105,1,Tran Thuy
23127106,1,Le Tien
23127107,1,Nguyen Tuan
23127108,1,Tran Tuong
23127109,1,Le Uyen
23127110,1,Nguyen Van
23127111,1,Tran Vinh
23127112,1,Le Xuan
23127113,54321,Nguyen Yen
23127114,1,Tran Yen
23127115,1,Le Yen
23127116,1,Nguyen Yen
23127117,1,Tran Yen
23127118,1,Le Yen
23127119,1,Nguyen Yen
23127120,1,Tran Yen
23127121,1,Le Yen
23127122,1,Nguyen Yen
23127123,1,Tran Yen
23127124,1,Le Yen
23127125,1,Nguyen Yen
23127201,1,Nguyen Anh
23127202,1,Tran Bao
23127203,1,Pham Chi
23127204,1,Le Dung
23127205,1,Vo Em
23127206,1,Nguyen Ha
23127207,1,Tran Hieu
23127208,1,Phan Anh
23127209,1,Do Long
23127210,1,Nguyen Minh
23127211,1,Tran Ngoc
23127212,1,Le Quynh
23127213,1,Pham Son
23127214,1,Nguyen Thanh
23127215,1,Vo Tuan
23127216,1,Tran Van Anh
23127217,1,Nguyen Xuan
23127218,1,Le Yen
23127219,1,Tran Duc
23127220,1,Pham Hong
23127221,1,Nguyen Quang
23127222,1,Vo Huong
23127223,1,Le Nam
23127224,12345,Nguyen Son
23127225,1,Tran Thanh
23127226,1,Pham Trung
23127227,1,Nguyen Anh
23127228,1,Tran Binh
23127229,1,Le Chau
23127230,1,Nguyen Dat
23127231,1,Tran Giang
23127232,1,Pham Hai
23127233,1,Nguyen Hien
23127234,1,Le Hoai
23127235,1,Tran Hung
23127236,1,Nguyen Khanh
23127237,1,Tran Linh
23127238,1,Le Minh
23127239,1,Nguyen Nga
23127240,1,Tran Phong
23127241,1,Nguyen Phuong
23127242,1,Le Quan
23127243,1,Tran Son
23127244,1,Nguyen Thanh
23127245,1,Le Thu
23127246,1,Nguyen Trung
23127247,1,Tran Tuan Anh
23127248,1,Nguyen Tuyen
23127249,1,Tran Van
23127250,1,Nguyen Xuan
23127301,1,Tran Quy
23127302,1,Nguyen Hoa
23127303,1,Le Minh
23127304,1,Pham Anh
23127305,1,Tran Tuan
23127306,1,Vo Huyen
23127307,1,Nguyen Nam
23127308,1,Do Linh
23127309,1,Truong Hai
23127310,1,Nguyen Mai
23127311,1,Phan Duc
23127312,1,Tran Thu
23127313,1,Nguyen Quang
23127314,1,Le My
23127315,1,Vo Khanh
23127316,1,Nguyen Hoa
23127317,1,Tran Dat
23127318,1,Do Trang
23127319,1,Nguyen Binh
23127320,1,Le An
23127321,1,Pham Dung
23127322,1,Tran Thanh
23127323,1,Nguyen Nhat
23127324,1,Vo Lan
23127325,1,Do Long
23127326,1,Le Hien
23127327,1,Tran Phuong
23127328,1,Nguyen Hoang
23127329,1,Pham Hieu
23127330,1,Nguyen Hoa
23127331,1,Le Duc
23127332,1,Tran Thuy
23127333,1,Do Minh
23127334,1,Pham Tram
23127335,1,Nguyen Kien
23127336,1,Nguyen Hong
23127337,1,Le Anh
23127338,1,Vo Linh
23127339,1,Tran Tu
23127340,1,Nguyen Phuc
23127341,1,Pham Hien
23127342,1,Le Thanh
23127343,1,Tran Duong
23127344,1,Nguyen Hoa
23127345,1,Do Bao
23127346,1,Nguyen Lan
23127347,1,Nguyen Minh
23127348,1,Tran Anh
23127349,1,Le Tien
23127350,1,Pham Phuong
23127001,1,Dang Khoa
23127002,1,Nguyen Hoa
23127003,1,Tran Tuan
23127004,1,Le Anh
23127005,1,Pham Binh
23127006,1,Nguyen Thao
23127007,1,Tran Trang
23127008,1,Le Tung
23127009,1,Pham Thanh
23127010,1,Nguyen Thuy
23127011,1,Tran Thao
23127012,1,Le Thanh
23127013,1,Pham Thuy
23127014,1,Nguyen Thanh
23127015,1,Tran Thao
23127016,1,Le Thanh
23127017,1,Pham Thuy
23127018,1,Nguyen Thanh
23127019,1,Tran Thao
23127020,1,Le Thanh
23127021,1,Pham Thuy
23127022,1,Nguyen Thanh
23127023,1,Tran Thao
23127024,1,Le Thanh
23127025,1,Pham Thuy
23127026,1,Nguyen Thanh
23127027,1,Tran Thao
23127028,1,Le Thanh
23127029,1,Pham Thuy
23127030,1,Nguyen Thanh
23127031,1,Tran Thao
23127032,1,Le Thanh
23127033,1,Pham Thuy
23127034,1,Nguyen Thanh
23127035,1,Tran Thao
23127036,1,Le Thanh
23127037,1,Pham Thuy
23127038,1,Nguyen Thanh
23127039,1,Tran Thao
23127040,1,Le Thanh
23127100,1,Nguyen Thu
23127101,1,Nguyen Thao
23127102,1,Tran Thanh
23127103,1,Le Thien
23127104,1,Nguyen Thuan
23127105,1,Tran Thuy
23127106,1,Le Tien
23127107,1,Nguyen Tuan
23127108,1,Tran Tuong
23127109,1,Le Uyen
23127110,1,Nguyen Van
23127111,1,Tran Vinh
23127112,1,Le Xuan
23127113,1,Nguyen Yen
23127114,1,Tran Yen
23127115,1,Le Yen
23127116,1,Nguyen Yen
23127117,1,Tran Yen
23127118,1,Le Yen
23127119,1,Nguyen Yen
23127120,1,Tran Yen
23127121,1,Le Yen
23127122,1,Nguyen Yen
23127123,1,Tran Yen
23127124,1,Le Yen
23127125,1,Nguyen Yen
23127201,1,Nguyen Anh
23127202,1,Tran Bao
23127203,1,Pham Chi
23127204,1,Le Dung
23127205,1,Vo Em
23127206,1,Nguyen Ha
23127207,1,Tran Hieu
23127208,1,Phan Anh
23127209,1,Do Long
23127210,1,Nguyen Minh
23127211,1,Tran Ngoc
23127212,1,Le Quynh
23127213,1,Pham Son
23127214,1,Nguyen Thanh
23127215,1,Vo Tuan
23127216,1,Tran Van Anh
23127217,1,Nguyen Xuan
23127218,1,Le Yen
23127219,1,Tran Duc
23127220,1,Pham Hong
23127221,1,Nguyen Quang
23127222,1,Vo Huong
23127223,1,Le Nam
23127224,1,Nguyen Son
23127225,1,Tran Thanh
23127226,1,Pham Trung
23127227,1,Nguyen Anh
23127228,1,Tran Binh
23127229,1,Le Chau
23127230,1,Nguyen Dat
23127231,1,Tran Giang
23127232,1,Pham Hai
23127233,1,Nguyen Hien
23127234,1,Le Hoai
23127235,1,Tran Hung
23127236,1,Nguyen Khanh
23127237,1,Tran Linh
23127238,1,Le Minh
23127239,1,Nguyen Nga
23127240,1,Tran Phong
23127241,1,Nguyen Phuong
23127242,1,Le Quan
23127243,1,Tran Son
23127244,1,Nguyen Thanh
23127245,1,Le Thu
23127246,1,Nguyen Trung
23127247,1,Tran Tuan Anh
23127248,1,Nguyen Tuyen
23127249,1,Tran Van
23127250,1,Nguyen Xuan
